--Zaposleni
insert into Angazovanje.Zaposleni (z_jmbg,z_ime,z_prezime,z_pol,z_dat_rodj,z_adresa,z_grad,z_drzava,z_broj_tel,z_datum_zap,z_plt)
values ('3003997123456','Marko','Markovic','m','1997-03-30','Bulevar Oslobodjenja 5','Novi Sad','Srbija','064136632','2018-01-09','55000');
insert into Angazovanje.Zaposleni (z_jmbg,z_ime,z_prezime,z_pol,z_dat_rodj,z_adresa,z_grad,z_drzava,z_broj_tel,z_datum_zap,z_plt)
values ('2108977321987','Petar','Petrovic','m','1977-08-21',null,null,'Srbija','064136632','2022-04-10','60000')
insert into Angazovanje.Zaposleni (z_jmbg,z_ime,z_prezime,z_pol,z_dat_rodj,z_adresa,z_grad,z_drzava,z_broj_tel,z_datum_zap)
values ('1201996658965','Petar','Peric','m','1996-01-12',null,'Beograd','Srbija','062181585','2020-07-05')
insert into Angazovanje.Zaposleni (z_jmbg,z_ime,z_prezime,z_pol,z_dat_rodj,z_adresa,z_grad,z_drzava,z_broj_tel,z_datum_zap,z_plt)
values ('0705995879123','Petra','Petrovic','z','1995-05-07','Trg Dositeja Obradovica 10','Novi Sad','Srbija','0693343478','2018-09-25','71500')
insert into Angazovanje.Zaposleni (z_jmbg,z_ime,z_prezime,z_pol,z_dat_rodj,z_adresa,z_grad,z_drzava,z_broj_tel,z_datum_zap,z_plt)
values ('2303999321478','Enio','Kurtesi','m','1999-03-23','Bulevar Oslobodjenja 77','Novi Sad','Srbija','0641993023','2018-02-03','120000');
insert into Angazovanje.Zaposleni (z_jmbg,z_ime,z_prezime,z_pol,z_dat_rodj,z_adresa,z_grad,z_drzava,z_broj_tel,z_datum_zap,z_plt)
values ('2811991369874','Jovana','Jovanovic','m','1991-11-28','Balkanska 64','Subotica','Srbija','062866887','2022-01-13','67500');
insert into Angazovanje.Zaposleni (z_jmbg,z_ime,z_prezime,z_pol,z_dat_rodj,z_broj_tel,z_plt,z_datum_zap)
values ('1201987789632','Milan','Milanovic','m','1987-01-12','062181585','45000','2020-06-20')
insert into Angazovanje.Zaposleni (z_jmbg,z_ime,z_prezime,z_pol,z_dat_rodj,z_adresa,z_grad,z_drzava,z_broj_tel,z_plt,z_datum_zap)
values ('3001001548722','Sasa','Ilic','m','2001-01-30','Sasina ulica 22','Sabac','Srbija','06185152','77000','2021-03-01');
insert into Angazovanje.Zaposleni (z_jmbg,z_ime,z_prezime,z_pol,z_dat_rodj,z_adresa,z_grad,z_drzava,z_plt,z_datum_zap)
values ('1501986364523','Ana','Petrovic','z','1986-01-15','Nikole Tesle 28','Beograd','Srbija','77000','2018-01-27');
insert into Angazovanje.Zaposleni (z_jmbg,z_ime,z_prezime,z_pol,z_dat_rodj,z_adresa,z_grad,z_drzava,z_plt,z_datum_zap)
values ('0105993321456','Mitra','Mitrovic','z','1993-05-01','Cerska 65','Beograd','Srbija','84000','2021-03-01');
insert into Angazovanje.Zaposleni (z_jmbg,z_ime,z_prezime,z_pol,z_dat_rodj,z_adresa,z_grad,z_drzava,z_plt,z_broj_tel,z_datum_zap)
values ('1308983632547','Aleksa','Aleksic','m','1983-08-13','Resavska 21','Novi Sad','Srbija','45000','063214865','2018-01-29');
insert into Angazovanje.Zaposleni (z_jmbg,z_ime,z_prezime,z_pol,z_dat_rodj,z_adresa,z_grad,z_drzava,z_plt,z_broj_tel,z_datum_zap)
values ('2504994321587','Marija','Milosevic','z','1994-04-25','Karlovacka 72','Nis','Srbija','63000','063214963','2018-01-29');
insert into Angazovanje.Zaposleni (z_jmbg,z_ime,z_prezime,z_pol,z_dat_rodj,z_adresa,z_grad,z_drzava,z_broj_tel,z_datum_zap)
values ('0312996424242','Milos','Jovanovic','m','1996-12-03','Moravska 72','Beograd','Srbija','063214963','2018-01-29');
insert into Angazovanje.Zaposleni (z_jmbg,z_ime,z_prezime,z_pol,z_dat_rodj,z_adresa,z_grad,z_drzava,z_broj_tel,z_datum_zap)
values ('0802994231654','Ivana','Ivanovic','z','1994-02-08','Barajevska 103','Beograd','Srbija','069421115','2018-01-24');
insert into Angazovanje.Zaposleni (z_jmbg,z_ime,z_prezime,z_pol,z_dat_rodj,z_adresa,z_grad,z_drzava,z_broj_tel,z_datum_zap,z_plt)
values ('0908985235815','Danilo','Danilovic','m','1985-08-09','Ucenicka 2','Novi Sad','Srbija','069421115','2021-05-09','92000');

--Radno mesto

insert into Angazovanje.Radno_Mesto (naziv_radnog_mesta,cena_po_satu)
values ('Frontend Developer','300');
insert into Angazovanje.Radno_Mesto (naziv_radnog_mesta,cena_po_satu)
values ('Projektni menadzer','250');
insert into Angazovanje.Radno_Mesto (naziv_radnog_mesta,cena_po_satu)
values ('QA analiticar','290');
insert into Angazovanje.Radno_Mesto (naziv_radnog_mesta,cena_po_satu)
values ('Strucni saradnik','230');
insert into Angazovanje.Radno_Mesto (naziv_radnog_mesta,cena_po_satu)
values ('HR menadzer','310');
insert into Angazovanje.Radno_Mesto (naziv_radnog_mesta,cena_po_satu)
values ('HR asistent','285');
insert into Angazovanje.Radno_Mesto (naziv_radnog_mesta,cena_po_satu)
values ('Administrator baza podataka','350');
insert into Angazovanje.Radno_Mesto (naziv_radnog_mesta,cena_po_satu)
values ('Backend developer','320');

--Projektni menadzer
insert into Angazovanje.Projektni_Menadzer 
values (11);
insert into Angazovanje.Projektni_Menadzer 
values (4);
insert into Angazovanje.Projektni_Menadzer 
values (13);
insert into Angazovanje.Projektni_Menadzer 
values (8);

--Projekat
insert into Angazovanje.Projekat (id_proj_menadzer,naziv_proj,dat_poc_proj,dat_zav_proj,narucilac)
values (4,'Unapredjenje i razvoj geografskog informacionog sistema','2018-02-13','2019-01-25','GIS');
insert into Angazovanje.Projekat (id_proj_menadzer,naziv_proj,dat_poc_proj,dat_zav_proj,narucilac)
values (11,'Izrada tehnicke dokumentacije za naucno-tehnoloski park','2018-02-13','2019-01-25','FTN');
insert into Angazovanje.Projekat (id_proj_menadzer,naziv_proj,dat_poc_proj,narucilac)
values (13,'Gas','2020-11-23','NIS');
insert into Angazovanje.Projekat (id_proj_menadzer,naziv_proj,dat_poc_proj,dat_zav_proj,narucilac)
values (13,'Implementacija softverskog proizvoda','2022-01-09','2022-02-1','ElectroLux');
insert into Angazovanje.Projekat (id_proj_menadzer,naziv_proj,dat_poc_proj,dat_zav_proj,narucilac)
values (4,'Refaktoring softvera za nadgledanje poslovanja','2021-07-09','2022-01-25','NS');
insert into Angazovanje.Projekat (id_proj_menadzer,naziv_proj,narucilac)
values (8,'Optimizacija softvera','Google');
insert into Angazovanje.Projekat (id_proj_menadzer,naziv_proj,dat_poc_proj,dat_zav_proj,narucilac)
values (8,'Implementacija platforme za online uèenje','2021-03-16','2021-07-21','FTN');
insert into Angazovanje.Projekat (id_proj_menadzer,naziv_proj,narucilac)
values (11,'Testiranje pre pustanja u prodaju','Samsung');

--Status

insert into Angazovanje.Status_Angazovanja (naziv_statusa_ang)
values ('Aktivno angažovanje')
insert into Angazovanje.Status_Angazovanja (naziv_statusa_ang)
values ('Prekinuto angažovanje')
insert into Angazovanje.Status_Angazovanja (naziv_statusa_ang)
values ('Pauzirano angažovanje')

--Vrsta radnog odnosa

insert into Angazovanje.Vrsta_radnog_odnosa (naziv_vrste_radod)
values ('Radni odnos na odreðeno');
insert into Angazovanje.Vrsta_radnog_odnosa (naziv_vrste_radod)
values ('Radni odnos na neodreðeno');
insert into Angazovanje.Vrsta_radnog_odnosa (naziv_vrste_radod)
values ('Radni odnos uz probni rad');
insert into Angazovanje.Vrsta_radnog_odnosa (naziv_vrste_radod)
values ('Radni odnos sa nepunim radnim vremenom');
insert into Angazovanje.Vrsta_radnog_odnosa (naziv_vrste_radod)
values ('Radni odnos za rad van prostorija poslodavca');
insert into Angazovanje.Vrsta_radnog_odnosa (naziv_vrste_radod)
values ('Radni odnos sa pripravnikom;');
insert into Angazovanje.Vrsta_radnog_odnosa (naziv_vrste_radod)
values ('Privremeni i povremeni poslovi');
insert into Angazovanje.Vrsta_radnog_odnosa (naziv_vrste_radod)
values ('Struèno osposobljavanje i usavršavanje');

--HR Asistent
insert into Angazovanje.HR_Asistent
values (1);
insert into Angazovanje.HR_Asistent
values (6);
insert into Angazovanje.HR_Asistent
values (10);
insert into Angazovanje.HR_Asistent 
values (3);
insert into Angazovanje.HR_Asistent 
values (15);

--Konkurs 
insert into Angazovanje.Konkurs (id_hr_asistenta,datum_raspis_konkursa,datum_zavr_konkursa,mesto_objavljivanja_konkursa,id_radnog_mesta)
values (1,'2018-01-14','2018-02-14','LinkedIn',3)
insert into Angazovanje.Konkurs (id_hr_asistenta,mesto_objavljivanja_konkursa,id_radnog_mesta)
values (1,'Web sajt',4)
insert into Angazovanje.Konkurs (id_hr_asistenta,datum_raspis_konkursa,datum_zavr_konkursa,mesto_objavljivanja_konkursa,id_radnog_mesta)
values (10,'2021-04-04','2021-07-04','Oglasnik',6)
insert into Angazovanje.Konkurs (id_hr_asistenta,datum_raspis_konkursa,datum_zavr_konkursa,mesto_objavljivanja_konkursa,id_radnog_mesta)
values (3,'2022-03-07','2022-04-07','LinkedIn',1)
insert into Angazovanje.Konkurs (id_hr_asistenta,mesto_objavljivanja_konkursa,id_radnog_mesta)
values (10,'Joberty',7)
insert into Angazovanje.Konkurs (id_hr_asistenta,datum_raspis_konkursa,datum_zavr_konkursa,mesto_objavljivanja_konkursa,id_radnog_mesta)
values (1,'2021-02-04','2021-03-24','Web sajt',2)
insert into Angazovanje.Konkurs (id_hr_asistenta,datum_raspis_konkursa,datum_zavr_konkursa,mesto_objavljivanja_konkursa,id_radnog_mesta)
values (3,'2021-01-05','2021-04-05','LinkedIn',8)
insert into Angazovanje.Konkurs (id_hr_asistenta,mesto_objavljivanja_konkursa,id_radnog_mesta,datum_raspis_konkursa)
values (3,'Joberty',5,'2021-12-03')
insert into Angazovanje.Konkurs (id_hr_asistenta,mesto_objavljivanja_konkursa,id_radnog_mesta)
values (10,'Facebook',4)

--Osnov angažovanja

insert into Angazovanje.Osnov (osnov_zaposlenja)
values ('Zaposlenje na osnovu konkursa');
insert into Angazovanje.Osnov (osnov_zaposlenja)
values ('Zaposlenje na osnovu unapredjenja');
insert into Angazovanje.Osnov (osnov_zaposlenja)
values ('Zaposlenje na osnovu struène prakse');
insert into Angazovanje.Osnov (osnov_zaposlenja)
values ('Zaposlenje na osnovu preporuke');
insert into Angazovanje.Osnov (osnov_zaposlenja)
values ('Zaposlenje na osnovu stipendije');

--HR Menadzer

insert into Angazovanje.HR_Menadzer (id_hr_menadzer)
values (6);
insert into Angazovanje.HR_Menadzer (id_hr_menadzer)
values (3);
insert into Angazovanje.HR_Menadzer (id_hr_menadzer)
values (7);
insert into Angazovanje.HR_Menadzer (id_hr_menadzer)
values (10);

--Radnik

insert into Angazovanje.Radnik (id_radnik) 
values (5);
insert into Angazovanje.Radnik (id_radnik) 
values (12);
insert into Angazovanje.Radnik (id_radnik) 
values (9);
insert into Angazovanje.Radnik (id_radnik) 
values (2);
insert into Angazovanje.Radnik (id_radnik) 
values (14);
insert into Angazovanje.Radnik (id_radnik) 
values (1);

--Radi

insert into Angazovanje.Radi(id_projekta,id_radnik,broj_casova)
values (1,5,10)
insert into Angazovanje.Radi(id_projekta,id_radnik,broj_casova)
values (1,14,17)
insert into Angazovanje.Radi(id_projekta,id_radnik,broj_casova)
values (5,14,21)
insert into Angazovanje.Radi(id_projekta,id_radnik)
values (3,1)
insert into Angazovanje.Radi(id_projekta,id_radnik,broj_casova)
values (1,12,34)
insert into Angazovanje.Radi(id_projekta,id_radnik,broj_casova)
values (2,9,37)
insert into Angazovanje.Radi(id_projekta,id_radnik,broj_casova)
values (5,9,5)
insert into Angazovanje.Radi(id_projekta,id_radnik,broj_casova)
values (5,12,21)
insert into Angazovanje.Radi(id_projekta,id_radnik,broj_casova)
values (6,5,40)
insert into Angazovanje.Radi(id_projekta,id_radnik,broj_casova)
values (7,5,55)
insert into Angazovanje.Radi(id_projekta,id_radnik,broj_casova)
values (7,9,23)
insert into Angazovanje.Radi(id_projekta,id_radnik)
values (4,14)
insert into Angazovanje.Radi(id_projekta,id_radnik,broj_casova)
values (4,9,42)
insert into Angazovanje.Radi(id_projekta,id_radnik,broj_casova)
values (4,1,10)
insert into Angazovanje.Radi(id_projekta,id_radnik,broj_casova)
values (2,14,16)
insert into Angazovanje.Radi(id_projekta,id_radnik,broj_casova)
values (2,5,65)
insert into Angazovanje.Radi(id_projekta,id_radnik,broj_casova)
values (6,1,null)
insert into Angazovanje.Radi(id_projekta,id_radnik,broj_casova)
values (1,1,9)
insert into Angazovanje.Radi(id_projekta,id_radnik,broj_casova)
values (3,14,22)
insert into Angazovanje.Radi(id_projekta,id_radnik,broj_casova)
values (3,12,18)
insert into Angazovanje.Radi(id_projekta,id_radnik,broj_casova)
values (4,12,34)

--Evaluacioni test

insert into Angazovanje.Evaluacioni_test (vrsta_ev_testa,opis_ev_testa)
values ('Test znanja','Evaluacioni test za proveru specifiènih znanja iz razlièitih oblasti potrebnih za odreðenu poziciju');
insert into Angazovanje.Evaluacioni_test (vrsta_ev_testa,opis_ev_testa)
values ('Test verbalnih vestina','Evaluacioni test za proveru verbalnih sposobnosti putem razgovora sa zaposlenima');
insert into Angazovanje.Evaluacioni_test (vrsta_ev_testa,opis_ev_testa)
values ('Test licnosti','Evaluacioni test kojim se na standardizovan nacin ispituje jedna ili vise dimenzija licnosti');
insert into Angazovanje.Evaluacioni_test (vrsta_ev_testa,opis_ev_testa)
values ('Test za procenu stilova rukovodjenja','Evaluacioni test kojim se utvrdjuje stil rukovodjenja pojedinca i njegov uticaj na druge ljude');
insert into Angazovanje.Evaluacioni_test (vrsta_ev_testa,opis_ev_testa)
values ('Test za procenu timskih uloga','Evaluacioni test pomoæu kojeg se utvrdjuje koja timska uloga najvise odgovara pojedincu');
insert into Angazovanje.Evaluacioni_test (vrsta_ev_testa,opis_ev_testa)
values ('Individualne vezbe','Individualne vezbe putem kojih se procenjuju odredjene kompetencije,tzv. soft skills pojedinca');
insert into Angazovanje.Evaluacioni_test (vrsta_ev_testa,opis_ev_testa)
values ('Test za proveru intelektualnih sposobnosti','Evaluacioni test za procenu opštih intelektualnih sposobnosti kao što je apstraktno rezonovanje,numerièko ili verbalno rezonovanje');
insert into Angazovanje.Evaluacioni_test (vrsta_ev_testa,opis_ev_testa)
values ('Test iz poznavanja engleskog jezika','Evaluacioni test kojim se utvrdjuje nivo poznavanja engleskog jezika');

--Realizuje

insert into Angazovanje.Realizuje (id_ev_testa,id_hr_menadzer,datum)
values (1,3,'2021-07-02');
insert into Angazovanje.Realizuje (id_ev_testa,id_hr_menadzer,datum)
values (2,6,'2022-02-04');
insert into Angazovanje.Realizuje (id_ev_testa,id_hr_menadzer,datum)
values (1,10,'2021-11-25');
insert into Angazovanje.Realizuje (id_ev_testa,id_hr_menadzer,datum)
values (5,7,'2020-09-23');
insert into Angazovanje.Realizuje (id_ev_testa,id_hr_menadzer)
values (7,10);
insert into Angazovanje.Realizuje (id_ev_testa,id_hr_menadzer,datum)
values (6,6,'2022-03-04');
insert into Angazovanje.Realizuje (id_ev_testa,id_hr_menadzer,datum)
values (6,7,'2021-12-18');
insert into Angazovanje.Realizuje (id_ev_testa,id_hr_menadzer)
values (5,10);
insert into Angazovanje.Realizuje (id_ev_testa,id_hr_menadzer,datum)
values (2,10,'2022-04-10');
insert into Angazovanje.Realizuje (id_ev_testa,id_hr_menadzer,datum)
values (2,3,'2022-02-18');
insert into Angazovanje.Realizuje (id_ev_testa,id_hr_menadzer,datum)
values (8,3,'2020-12-05');
insert into Angazovanje.Realizuje (id_ev_testa,id_hr_menadzer,datum)
values (4,7,'2022-01-26');
insert into Angazovanje.Realizuje (id_ev_testa,id_hr_menadzer,datum)
values (6,10,'2021-04-27');
insert into Angazovanje.Realizuje (id_ev_testa,id_hr_menadzer,datum)
values (3,3,'2020-12-24');
insert into Angazovanje.Realizuje (id_ev_testa,id_hr_menadzer,datum)
values (3,7,'2022-03-07');
insert into Angazovanje.Realizuje (id_ev_testa,id_hr_menadzer,datum)
values (3,10,'2021-11-08');

--Angazovanje

insert into Angazovanje.Angazovanje (id_zaposlenog,id_radnog_mesta,id_statusa_ang,id_vrsta_radod,id_osnova,id_konkursa,dat_ang_od)
values (1,6,1,2,3,null,'2018-01-09')
insert into Angazovanje.Angazovanje (id_zaposlenog,id_radnog_mesta,id_statusa_ang,id_vrsta_radod,id_osnova,id_konkursa,dat_ang_od)
values (2,1,1,5,1,4,'2022-04-10')
insert into Angazovanje.Angazovanje (id_zaposlenog,id_radnog_mesta,id_statusa_ang,id_vrsta_radod,id_osnova,id_konkursa,dat_ang_od,dat_ang_do,trajanje_ang)
values (3,5,2,2,4,null,'2020-07-05','2022-04-18',datediff(day,'2020-07-05','2022-04-18'))
insert into Angazovanje.Angazovanje (id_zaposlenog,id_radnog_mesta,id_statusa_ang,id_vrsta_radod,id_osnova,id_konkursa,dat_ang_od,dat_ang_do,trajanje_ang)
values (4,2,3,2,2,null,'2018-09-25','2022-03-27',datediff(day,'2018-09-25','2022-03-27'))
insert into Angazovanje.Angazovanje (id_zaposlenog,id_radnog_mesta,id_statusa_ang,id_vrsta_radod,id_osnova,id_konkursa,dat_ang_od)
values (5,8,1,4,5,null,'2018-02-03')
insert into Angazovanje.Angazovanje (id_zaposlenog,id_radnog_mesta,id_statusa_ang,id_vrsta_radod,id_osnova,id_konkursa,dat_ang_od)
values (6,5,1,6,1,8,'2022-01-13')
insert into Angazovanje.Angazovanje (id_zaposlenog,id_radnog_mesta,id_statusa_ang,id_vrsta_radod,id_osnova,id_konkursa,dat_ang_od)
values (7,5,1,2,4,null,'2020-06-20')
insert into Angazovanje.Angazovanje (id_zaposlenog,id_radnog_mesta,id_statusa_ang,id_vrsta_radod,id_osnova,id_konkursa,dat_ang_od)
values (8,2,1,2,1,6,'2021-03-01')
insert into Angazovanje.Angazovanje (id_zaposlenog,id_radnog_mesta,id_statusa_ang,id_vrsta_radod,id_osnova,id_konkursa,dat_ang_od,dat_ang_do,trajanje_ang)
values (9,2,2,1,5,null,'2018-01-27','2022-03-05',datediff(day,'2018-01-27','2022-03-05'))
insert into Angazovanje.Angazovanje (id_zaposlenog,id_radnog_mesta,id_statusa_ang,id_vrsta_radod,id_osnova,id_konkursa,dat_ang_od)
values (10,6,1,2,1,3,'2021-03-01')
insert into Angazovanje.Angazovanje (id_zaposlenog,id_radnog_mesta,id_statusa_ang,id_vrsta_radod,id_osnova,id_konkursa,dat_ang_od)
values (11,2,1,2,4,null,'2018-01-29')
insert into Angazovanje.Angazovanje (id_zaposlenog,id_radnog_mesta,id_statusa_ang,id_vrsta_radod,id_osnova,id_konkursa,dat_ang_od)
values (12,7,1,2,3,null,'2018-01-29')
insert into Angazovanje.Angazovanje (id_zaposlenog,id_radnog_mesta,id_statusa_ang,id_vrsta_radod,id_osnova,id_konkursa,dat_ang_od,dat_ang_do,trajanje_ang)
values (13,2,3,2,4,null,'2018-01-29','2022-04-02',datediff(day,'2018-01-29','2022-04-02'))
insert into Angazovanje.Angazovanje (id_zaposlenog,id_radnog_mesta,id_statusa_ang,id_vrsta_radod,id_osnova,id_konkursa,dat_ang_od,dat_ang_do,trajanje_ang)
values (14,3,3,2,1,1,'2018-01-24','2022-02-05',datediff(day,'2018-01-24','2022-02-05'))
insert into Angazovanje.Angazovanje (id_zaposlenog,id_radnog_mesta,id_statusa_ang,id_vrsta_radod,id_osnova,id_konkursa,dat_ang_od,dat_ang_do,trajanje_ang)
values (15,6,3,3,1,3,'2021-05-09','2021-09-09',datediff(day,'2021-05-09','2021-09-09'))
insert into Angazovanje.Angazovanje (id_zaposlenog,id_radnog_mesta,id_statusa_ang,id_vrsta_radod,id_osnova,id_konkursa,dat_ang_od)
values (14,7,1,2,2,null,'2022-02-06')



